Date,Borewell_NAME,Water_Level_m,Temperature_C,Rainfall_mm,pH,Dissolved_Oxygen_mg_L,Latitude,Longitude
2025-08-01 00:00:00,Borewell_A,6.95,26.2,8.19,7.28,7.9,13.0827,80.2707
2025-08-02 00:00:00,Borewell_A,7.59,26.6,0.0,6.76,6.66,13.0827,80.2707
2025-08-03 00:00:00,Borewell_A,6.36,27.4,0.0,6.86,6.8,13.0827,80.2707
2025-08-04 00:00:00,Borewell_A,5.68,30.1,0.0,6.51,6.15,13.0827,80.2707
2025-08-05 00:00:00,Borewell_A,4.78,27.1,0.0,6.67,5.14,13.0827,80.2707
2025-08-06 00:00:00,Borewell_A,4.9,26.7,0.0,6.7,4.78,13.0827,80.2707
2025-08-07 00:00:00,Borewell_A,5.45,32.79,6.1,6.99,4.86,13.0827,80.2707
2025-08-08 00:00:00,Borewell_A,6.33,30.0,0.0,6.84,5.01,13.0827,80.2707
2025-08-09 00:00:00,Borewell_A,6.57,28.0,6.4,6.66,4.94,13.0827,80.2707
2025-08-10 00:00:00,Borewell_A,6.76,28.6,7.6,6.87,5.0,13.0827,80.2707
2025-08-11 00:00:00,Borewell_A,6.41,30.3,5.4,7.05,5.37,13.0827,80.2707
2025-08-12 00:00:00,Borewell_A,7.7,30.5,0.0,7.27,5.67,13.0827,80.2707
2025-08-13 00:00:00,Borewell_A,7.04,26.2,5.5,6.91,5.56,13.0827,80.2707
2025-08-14 00:00:00,Borewell_A,7.44,28.2,0.0,6.92,7.31,13.0827,80.2707
2025-08-15 00:00:00,Borewell_A,7.33,29.2,6.2,6.69,7.51,13.0827,80.2707
2025-08-16 00:00:00,Borewell_A,8.22,30.0,5.7,6.86,7.7,13.0827,80.2707
2025-08-17 00:00:00,Borewell_A,7.67,29.6,2.7,6.73,6.68,13.0827,80.2707
2025-08-18 00:00:00,Borewell_A,7.1,27.4,8.8,6.85,6.85,13.0827,80.2707
2025-08-19 00:00:00,Borewell_A,6.93,29.1,0.0,6.75,6.67,13.0827,80.2707
2025-08-20 00:00:00,Borewell_A,7.39,30.4,3.1,6.97,5.59,13.0827,80.2707
2025-08-21 00:00:00,Borewell_A,7.44,28.9,0.0,6.95,5.26,13.0827,80.2707
2025-08-22 00:00:00,Borewell_A,7.87,29.4,9.6,7.09,5.55,13.0827,80.2707
2025-08-23 00:00:00,Borewell_A,7.82,28.0,0.0,7.08,6.16,13.0827,80.2707
2025-08-24 00:00:00,Borewell_A,7.53,27.6,5.3,6.98,6.01,13.0827,80.2707
2025-08-25 00:00:00,Borewell_A,7.14,29.2,0.0,6.89,5.8,13.0827,80.2707
2025-08-26 00:00:00,Borewell_A,7.39,28.3,8.4,6.88,5.84,13.0827,80.2707
2025-08-27 00:00:00,Borewell_A,7.59,27.9,0.0,6.93,5.95,13.0827,80.2707
2025-08-28 00:00:00,Borewell_A,7.62,29.6,6.8,7.01,5.84,13.0827,80.2707
2025-08-29 00:00:00,Borewell_A,7.1,28.7,0.0,7.01,6.06,13.0827,80.2707
2025-08-30 00:00:00,Borewell_A,7.7,29.8,4.9,7.07,5.32,13.0827,80.2707
2025-08-01 00:00:00,Borewell_B,7.68,30.1,5.7,6.79,4.42,13.0674,80.2376
2025-08-02 00:00:00,Borewell_B,8.78,32.6,10.9,6.7,5.12,13.0674,80.2376
2025-08-03 00:00:00,Borewell_B,7.7,30.5,16.39,6.76,5.52,13.0674,80.2376
2025-08-04 00:00:00,Borewell_B,7.55,31.4,0.0,6.83,5.76,13.0674,80.2376
2025-08-05 00:00:00,Borewell_B,7.72,29.4,3.8,6.94,6.05,13.0674,80.2376
2025-08-06 00:00:00,Borewell_B,9.44,30.9,0.0,7.01,5.4,13.0674,80.2376
2025-08-07 00:00:00,Borewell_B,9.11,27.8,1.9,7.07,5.78,13.0674,80.2376
2025-08-08 00:00:00,Borewell_B,7.53,29.0,8.5,7.28,5.46,13.0674,80.2376
2025-08-09 00:00:00,Borewell_B,6.09,32.1,0.0,7.24,5.39,13.0674,80.2376
2025-08-10 00:00:00,Borewell_B,7.27,30.9,6.9,7.19,5.07,13.0674,80.2376
2025-08-11 00:00:00,Borewell_B,7.51,29.6,1.5,6.97,5.47,13.0674,80.2376
2025-08-12 00:00:00,Borewell_B,8.47,30.6,12.7,7.0,5.66,13.0674,80.2376
2025-08-13 00:00:00,Borewell_B,8.52,29.1,0.0,7.03,5.37,13.0674,80.2376
2025-08-14 00:00:00,Borewell_B,9.8,28.9,8.3,7.04,5.14,13.0674,80.2376
2025-08-15 00:00:00,Borewell_B,9.18,30.2,0.0,7.13,5.58,13.0674,80.2376
2025-08-16 00:00:00,Borewell_B,9.23,32.7,4.09,7.09,5.98,13.0674,80.2376
2025-08-17 00:00:00,Borewell_B,9.8,31.0,6.2,7.2,5.44,13.0674,80.2376
2025-08-18 00:00:00,Borewell_B,10.2,29.7,7.9,7.12,5.7,13.0674,80.2376
2025-08-19 00:00:00,Borewell_B,10.39,31.3,0.0,7.03,5.6,13.0674,80.2376
2025-08-20 00:00:00,Borewell_B,9.95,29.2,2.2,6.89,5.67,13.0674,80.2376
2025-08-21 00:00:00,Borewell_B,11.08,31.9,9.3,6.94,5.67,13.0674,80.2376
2025-08-22 00:00:00,Borewell_B,11.5,29.4,0.0,7.04,4.81,13.0674,80.2376
2025-08-23 00:00:00,Borewell_B,11.22,30.8,5.6,7.02,5.23,13.0674,80.2376
2025-08-24 00:00:00,Borewell_B,10.68,31.6,3.5,6.93,5.12,13.0674,80.2376
2025-08-25 00:00:00,Borewell_B,9.84,28.6,0.0,6.86,6.11,13.0674,80.2376
2025-08-26 00:00:00,Borewell_B,9.6,27.9,1.1,7.04,5.96,13.0674,80.2376
2025-08-27 00:00:00,Borewell_B,9.56,30.2,0.0,7.01,5.16,13.0674,80.2376
2025-08-28 00:00:00,Borewell_B,9.96,30.8,6.2,7.12,5.59,13.0674,80.2376
2025-08-29 00:00:00,Borewell_B,10.81,29.6,0.0,7.02,4.82,13.0674,80.2376
2025-08-30 00:00:00,Borewell_B,10.08,31.1,4.4,7.06,5.28,13.0674,80.2376
2025-08-01 00:00:00,Borewell_C,11.33,29.0,0.0,7.0,5.05,13.05,80.25
2025-08-02 00:00:00,Borewell_C,11.57,32.4,8.8,6.84,4.72,13.05,80.25
2025-08-03 00:00:00,Borewell_C,11.27,30.9,5.6,6.98,4.3,13.05,80.25
2025-08-04 00:00:00,Borewell_C,11.72,28.6,0.0,7.16,4.66,13.05,80.25
2025-08-05 00:00:00,Borewell_C,12.44,31.2,9.1,7.26,5.1,13.05,80.25
2025-08-06 00:00:00,Borewell_C,11.85,31.7,0.0,7.09,5.96,13.05,80.25
2025-08-07 00:00:00,Borewell_C,11.48,30.1,6.6,6.98,5.99,13.05,80.25
2025-08-08 00:00:00,Borewell_C,9.87,30.3,0.0,6.98,5.43,13.05,80.25
2025-08-09 00:00:00,Borewell_C,11.06,30.5,8.19,7.09,5.73,13.05,80.25
2025-08-10 00:00:00,Borewell_C,11.19,28.7,0.0,7.02,5.35,13.05,80.25
2025-08-11 00:00:00,Borewell_C,12.25,29.8,4.9,6.95,5.65,13.05,80.25
2025-08-12 00:00:00,Borewell_C,11.92,28.9,6.5,6.91,5.37,13.05,80.25
2025-08-13 00:00:00,Borewell_C,12.35,31.0,15.3,6.97,5.78,13.05,80.25
2025-08-14 00:00:00,Borewell_C,12.23,29.3,0.0,7.08,6.08,13.05,80.25
2025-08-15 00:00:00,Borewell_C,11.95,29.6,1.7,7.05,5.73,13.05,80.25
2025-08-16 00:00:00,Borewell_C,11.84,30.8,7.2,7.09,5.29,13.05,80.25
2025-08-17 00:00:00,Borewell_C,11.97,30.0,2.6,7.08,5.47,13.05,80.25
2025-08-18 00:00:00,Borewell_C,12.54,31.3,5.9,7.15,5.37,13.05,80.25
2025-08-19 00:00:00,Borewell_C,11.81,29.4,0.0,6.92,5.0,13.05,80.25
2025-08-20 00:00:00,Borewell_C,12.21,30.6,6.3,6.9,4.73,13.05,80.25
2025-08-21 00:00:00,Borewell_C,12.41,29.8,0.0,6.95,5.2,13.05,80.25
2025-08-22 00:00:00,Borewell_C,12.36,28.3,1.4,7.01,5.34,13.05,80.25
2025-08-23 00:00:00,Borewell_C,11.63,30.9,9.0,7.03,5.46,13.05,80.25
2025-08-24 00:00:00,Borewell_C,10.82,29.6,0.0,6.95,5.21,13.05,80.25
2025-08-25 00:00:00,Borewell_C,11.09,31.1,7.6,7.06,5.98,13.05,80.25
2025-08-26 00:00:00,Borewell_C,11.46,30.4,5.09,7.05,5.74,13.05,80.25
2025-08-27 00:00:00,Borewell_C,11.76,28.7,0.0,7.03,5.54,13.05,80.25
2025-08-28 00:00:00,Borewell_C,12.11,31.5,14.2,7.07,5.46,13.05,80.25
2025-08-29 00:00:00,Borewell_C,11.76,30.2,0.0,7.01,5.41,13.05,80.25
2025-08-30 00:00:00,Borewell_C,12.02,29.1,3.6,7.04,5.96,13.05,80.25
2025-08-01 00:00:00,Borewell_D,11.06,28.7,0.0,7.05,5.12,13.1,80.22
2025-08-02 00:00:00,Borewell_D,10.96,29.1,2.1,7.16,5.76,13.1,80.22
2025-08-03 00:00:00,Borewell_D,11.5,29.8,8.9,7.02,5.86,13.1,80.22
2025-08-04 00:00:00,Borewell_D,11.97,30.5,0.0,7.0,6.11,13.1,80.22
2025-08-05 00:00:00,Borewell_D,12.37,30.2,3.6,6.97,5.63,13.1,80.22
2025-08-06 00:00:00,Borewell_D,11.81,27.9,0.0,7.08,5.73,13.1,80.22
2025-08-07 00:00:00,Borewell_D,11.89,28.4,7.4,7.04,5.3,13.1,80.22
2025-08-08 00:00:00,Borewell_D,12.01,29.6,0.0,6.98,5.33,13.1,80.22
2025-08-09 00:00:00,Borewell_D,11.78,28.9,1.6,6.9,4.82,13.1,80.22
2025-08-10 00:00:00,Borewell_D,11.98,30.4,5.0,7.04,5.26,13.1,80.22
2025-08-11 00:00:00,Borewell_D,12.44,29.7,0.0,7.08,4.87,13.1,80.22
2025-08-12 00:00:00,Borewell_D,13.1,28.6,6.4,7.16,5.15,13.1,80.22
2025-08-13 00:00:00,Borewell_D,12.93,29.4,0.0,7.03,5.19,13.1,80.22
2025-08-14 00:00:00,Borewell_D,12.65,30.3,7.8,7.05,5.63,13.1,80.22
2025-08-15 00:00:00,Borewell_D,12.72,29.0,0.0,7.0,5.12,13.1,80.22
2025-08-16 00:00:00,Borewell_D,12.45,31.2,9.6,7.12,5.15,13.1,80.22
2025-08-17 00:00:00,Borewell_D,12.96,28.2,0.0,7.12,4.97,13.1,80.22
2025-08-18 00:00:00,Borewell_D,13.56,27.8,7.3,7.3,4.59,13.1,80.22
2025-08-19 00:00:00,Borewell_D,13.83,28.4,19.89,7.46,5.05,13.1,80.22
2025-08-20 00:00:00,Borewell_D,12.67,31.8,0.0,7.47,5.65,13.1,80.22
2025-08-21 00:00:00,Borewell_D,11.6,32.1,8.19,7.21,7.21,13.1,80.22
2025-08-22 00:00:00,Borewell_D,11.26,29.8,0.0,6.93,6.38,13.1,80.22
2025-08-23 00:00:00,Borewell_D,11.92,28.4,1.2,6.65,6.0,13.1,80.22
2025-08-24 00:00:00,Borewell_D,12.07,31.8,9.8,6.6,4.13,13.1,80.22
2025-08-25 00:00:00,Borewell_D,13.28,30.2,7.3,6.43,4.29,13.1,80.22
2025-08-26 00:00:00,Borewell_D,11.72,26.6,0.0,6.51,4.59,13.1,80.22
2025-08-27 00:00:00,Borewell_D,13.05,30.4,0.0,6.46,6.02,13.1,80.22
2025-08-28 00:00:00,Borewell_D,12.76,30.5,0.0,6.64,5.36,13.1,80.22
2025-08-29 00:00:00,Borewell_D,12.79,26.9,0.0,6.75,5.22,13.1,80.22
2025-08-30 00:00:00,Borewell_D,10.11,30.9,1.3,6.76,4.28,13.1,80.22
2025-08-31,Borewell_A,7.96,28.66,2.48,7.04,4.93,13.0827,80.2707
2025-09-01,Borewell_A,8.2,29.5,5.22,7.02,4.68,13.0827,80.2707
2025-09-02,Borewell_A,8.28,29.18,3.81,7.06,4.73,13.0827,80.2707
2025-09-03,Borewell_A,8.77,30.03,14.14,7.02,4.71,13.0827,80.2707
2025-09-04,Borewell_A,9.3,29.95,0.68,7.0,4.59,13.0827,80.2707
2025-09-05,Borewell_A,9.52,29.46,2.42,6.96,4.61,13.0827,80.2707
2025-09-06,Borewell_A,8.97,30.7,4.17,6.98,4.66,13.0827,80.2707
2025-09-07,Borewell_A,9.08,30.03,1.59,7.02,4.68,13.0827,80.2707
2025-09-08,Borewell_A,9.04,30.21,4.21,7.03,4.72,13.0827,80.2707
2025-09-09,Borewell_A,9.36,29.09,1.02,6.97,4.5,13.0827,80.2707
2025-09-10,Borewell_A,8.79,29.91,0.48,6.92,4.56,13.0827,80.2707
2025-09-11,Borewell_A,8.58,29.95,5.65,6.9,4.41,13.0827,80.2707
2025-09-12,Borewell_A,8.6,29.76,2.25,6.94,4.35,13.0827,80.2707
2025-09-13,Borewell_A,8.74,28.89,3.54,7.03,4.31,13.0827,80.2707
2025-09-14,Borewell_A,8.85,30.44,2.6,7.04,4.41,13.0827,80.2707
2025-09-15,Borewell_A,8.95,30.39,2.27,7.04,4.43,13.0827,80.2707
2025-09-16,Borewell_A,9.11,29.86,3.51,7.01,4.45,13.0827,80.2707
2025-09-17,Borewell_A,8.94,29.52,18.25,7.01,4.53,13.0827,80.2707
2025-09-18,Borewell_A,8.72,29.49,1.25,7.04,4.69,13.0827,80.2707
2025-09-19,Borewell_A,8.95,28.71,7.44,7.05,4.77,13.0827,80.2707
2025-09-20,Borewell_A,9.32,30.73,4.85,7.1,4.68,13.0827,80.2707
2025-09-21,Borewell_A,9.37,29.33,4.13,7.07,4.66,13.0827,80.2707
2025-09-22,Borewell_A,8.97,29.35,2.4,7.09,4.5,13.0827,80.2707
2025-09-23,Borewell_A,8.47,30.8,3.69,7.05,4.56,13.0827,80.2707
2025-09-24,Borewell_A,8.1,28.83,3.5,7.1,4.54,13.0827,80.2707
2025-09-25,Borewell_A,7.9,30.11,1.96,7.04,4.56,13.0827,80.2707
2025-09-26,Borewell_A,7.73,29.97,10.08,7.03,4.64,13.0827,80.2707
2025-09-27,Borewell_A,7.65,30.02,1.05,7.02,4.74,13.0827,80.2707
2025-09-28,Borewell_A,8.08,29.75,5.28,7.11,4.88,13.0827,80.2707
2025-09-29,Borewell_A,8.18,29.73,13.36,7.14,4.79,13.0827,80.2707
2025-09-30,Borewell_A,8.52,29.52,1.61,7.14,4.58,13.0827,80.2707
2025-10-01,Borewell_A,8.15,30.04,1.04,7.06,4.48,13.0827,80.2707
2025-10-02,Borewell_A,8.76,29.2,0.1,7.04,4.5,13.0827,80.2707
2025-10-03,Borewell_A,9.27,30.7,13.96,7.05,4.62,13.0827,80.2707
2025-10-04,Borewell_A,9.65,30.44,1.01,7.06,4.55,13.0827,80.2707
2025-10-05,Borewell_A,9.5,29.71,4.14,7.06,4.56,13.0827,80.2707
2025-10-06,Borewell_A,8.74,29.55,5.64,7.07,4.54,13.0827,80.2707
2025-10-07,Borewell_A,8.41,28.46,8.24,7.1,4.51,13.0827,80.2707
2025-10-08,Borewell_A,8.48,29.74,0.54,7.09,4.52,13.0827,80.2707
2025-10-09,Borewell_A,8.52,29.54,3.62,7.1,4.45,13.0827,80.2707
2025-10-10,Borewell_A,8.34,28.67,5.65,7.11,4.5,13.0827,80.2707
2025-10-11,Borewell_A,8.12,29.79,5.11,7.17,4.34,13.0827,80.2707
2025-10-12,Borewell_A,8.74,29.68,3.93,7.12,4.5,13.0827,80.2707
2025-10-13,Borewell_A,9.1,28.84,3.51,7.1,4.69,13.0827,80.2707
2025-10-14,Borewell_A,8.88,28.99,2.27,7.02,4.81,13.0827,80.2707
2025-10-15,Borewell_A,8.37,29.86,4.85,7.02,4.81,13.0827,80.2707
2025-10-16,Borewell_A,8.09,30.05,6.46,7.05,4.75,13.0827,80.2707
2025-10-17,Borewell_A,8.09,28.61,6.14,7.13,4.65,13.0827,80.2707
2025-10-18,Borewell_A,7.95,29.09,2.46,7.15,4.53,13.0827,80.2707
2025-10-19,Borewell_A,8.07,30.7,3.47,7.14,4.48,13.0827,80.2707
2025-10-20,Borewell_A,8.42,29.61,0.53,7.15,4.6,13.0827,80.2707
2025-10-21,Borewell_A,8.75,28.45,0.05,7.15,4.69,13.0827,80.2707
2025-10-22,Borewell_A,8.77,30.16,7.39,7.15,4.64,13.0827,80.2707
2025-10-23,Borewell_A,8.72,28.7,0.08,7.12,4.69,13.0827,80.2707
2025-10-24,Borewell_A,8.83,29.52,3.42,7.13,4.61,13.0827,80.2707
2025-10-25,Borewell_A,9.04,29.44,2.43,7.16,4.6,13.0827,80.2707
2025-10-26,Borewell_A,8.89,29.64,11.32,7.19,4.57,13.0827,80.2707
2025-10-27,Borewell_A,8.49,29.2,3.08,7.22,4.61,13.0827,80.2707
2025-10-28,Borewell_A,8.36,29.12,3.26,7.2,4.67,13.0827,80.2707
2025-10-29,Borewell_A,8.44,28.94,1.24,7.17,4.69,13.0827,80.2707
2025-10-30,Borewell_A,9.03,29.03,7.28,7.15,4.69,13.0827,80.2707
2025-10-31,Borewell_A,8.96,28.59,0.04,7.12,4.65,13.0827,80.2707
2025-11-01,Borewell_A,9.19,28.95,2.61,7.11,4.47,13.0827,80.2707
2025-11-02,Borewell_A,8.88,29.79,0.23,7.11,4.47,13.0827,80.2707
2025-11-03,Borewell_A,8.69,29.84,4.58,7.14,4.6,13.0827,80.2707
2025-11-04,Borewell_A,8.3,30.16,0.78,7.19,4.71,13.0827,80.2707
2025-11-05,Borewell_A,7.95,30.03,3.59,7.22,4.86,13.0827,80.2707
2025-11-06,Borewell_A,8.11,29.36,0.13,7.26,4.86,13.0827,80.2707
2025-11-07,Borewell_A,8.03,29.15,0.89,7.26,4.73,13.0827,80.2707
2025-11-08,Borewell_A,8.11,30.29,2.27,7.23,4.53,13.0827,80.2707
2025-11-09,Borewell_A,8.23,29.86,4.63,7.25,4.47,13.0827,80.2707
2025-11-10,Borewell_A,8.71,29.21,4.72,7.23,4.47,13.0827,80.2707
2025-11-11,Borewell_A,8.93,29.79,2.68,7.21,4.61,13.0827,80.2707
2025-11-12,Borewell_A,8.89,29.32,5.16,7.12,4.71,13.0827,80.2707
2025-11-13,Borewell_A,8.51,28.91,3.9,7.15,5.09,13.0827,80.2707
2025-11-14,Borewell_A,8.54,29.18,0.0,7.18,4.95,13.0827,80.2707
2025-11-15,Borewell_A,8.5,29.05,1.0,7.23,5.0,13.0827,80.2707
2025-11-16,Borewell_A,8.69,28.58,10.29,7.22,4.83,13.0827,80.2707
2025-11-17,Borewell_A,8.39,28.44,3.13,7.26,4.91,13.0827,80.2707
2025-11-18,Borewell_A,8.46,30.57,2.93,7.27,4.79,13.0827,80.2707
2025-11-19,Borewell_A,8.28,30.19,4.63,7.23,4.69,13.0827,80.2707
2025-11-20,Borewell_A,8.54,29.18,5.71,7.28,4.69,13.0827,80.2707
2025-11-21,Borewell_A,8.22,30.17,4.48,7.27,4.5,13.0827,80.2707
2025-11-22,Borewell_A,8.62,29.91,7.1,7.3,4.66,13.0827,80.2707
2025-11-23,Borewell_A,8.53,30.22,3.21,7.23,4.73,13.0827,80.2707
2025-11-24,Borewell_A,8.38,28.59,1.6,7.23,4.93,13.0827,80.2707
2025-11-25,Borewell_A,8.17,29.48,4.77,7.27,4.89,13.0827,80.2707
2025-11-26,Borewell_A,8.15,30.6,5.21,7.3,4.82,13.0827,80.2707
2025-11-27,Borewell_A,8.68,30.5,5.65,7.34,4.8,13.0827,80.2707
2025-11-28,Borewell_A,8.44,29.54,2.36,7.32,4.78,13.0827,80.2707
2025-11-29,Borewell_A,8.35,29.16,0.58,7.28,4.92,13.0827,80.2707
2025-11-30,Borewell_A,8.35,29.32,0.26,7.28,4.99,13.0827,80.2707
2025-08-31,Borewell_B,9.44,31.91,10.36,7.03,4.66,13.0674,80.2376
2025-09-01,Borewell_B,8.38,31.37,7.01,7.01,5.41,13.0674,80.2376
2025-09-02,Borewell_B,8.06,32.09,12.03,7.0,5.48,13.0674,80.2376
2025-09-03,Borewell_B,7.99,31.42,3.85,7.02,5.75,13.0674,80.2376
2025-09-04,Borewell_B,7.53,30.8,2.42,7.07,5.74,13.0674,80.2376
2025-09-05,Borewell_B,8.15,30.99,2.75,7.1,5.64,13.0674,80.2376
2025-09-06,Borewell_B,7.8,30.24,2.72,7.09,5.31,13.0674,80.2376
2025-09-07,Borewell_B,8.28,31.65,3.88,7.08,5.37,13.0674,80.2376
2025-09-08,Borewell_B,7.99,30.9,6.1,7.06,5.38,13.0674,80.2376
2025-09-09,Borewell_B,8.17,31.06,1.03,7.03,5.65,13.0674,80.2376
2025-09-10,Borewell_B,8.15,30.97,1.3,7.01,5.52,13.0674,80.2376
2025-09-11,Borewell_B,8.17,31.39,3.53,7.0,5.52,13.0674,80.2376
2025-09-12,Borewell_B,8.12,30.67,0.11,7.05,5.3,13.0674,80.2376
2025-09-13,Borewell_B,7.97,31.97,4.86,7.07,5.33,13.0674,80.2376
2025-09-14,Borewell_B,8.02,31.27,11.18,7.08,5.33,13.0674,80.2376
2025-09-15,Borewell_B,8.29,30.17,0.98,7.09,5.39,13.0674,80.2376
2025-09-16,Borewell_B,8.42,30.06,7.35,7.07,5.38,13.0674,80.2376
2025-09-17,Borewell_B,8.31,30.71,3.57,7.07,5.29,13.0674,80.2376
2025-09-18,Borewell_B,8.34,30.66,5.57,7.06,5.43,13.0674,80.2376
2025-09-19,Borewell_B,8.13,30.86,7.28,7.08,5.41,13.0674,80.2376
2025-09-20,Borewell_B,8.13,30.82,4.36,7.11,5.45,13.0674,80.2376
2025-09-21,Borewell_B,8.17,31.98,0.01,7.12,5.38,13.0674,80.2376
2025-09-22,Borewell_B,8.61,30.45,0.76,7.12,5.47,13.0674,80.2376
2025-09-23,Borewell_B,8.64,31.13,3.13,7.12,5.47,13.0674,80.2376
2025-09-24,Borewell_B,8.28,30.88,7.43,7.12,5.41,13.0674,80.2376
2025-09-25,Borewell_B,7.87,31.3,0.02,7.15,5.28,13.0674,80.2376
2025-09-26,Borewell_B,7.97,31.33,0.07,7.15,5.38,13.0674,80.2376
2025-09-27,Borewell_B,7.58,29.88,9.05,7.11,5.38,13.0674,80.2376
2025-09-28,Borewell_B,7.82,31.11,1.68,7.12,5.44,13.0674,80.2376
2025-09-29,Borewell_B,8.13,31.33,4.94,7.14,5.28,13.0674,80.2376
2025-09-30,Borewell_B,8.46,32.08,6.97,7.18,5.31,13.0674,80.2376
2025-10-01,Borewell_B,8.47,31.21,5.67,7.15,5.36,13.0674,80.2376
2025-10-02,Borewell_B,8.03,32.08,3.91,7.15,5.59,13.0674,80.2376
2025-10-03,Borewell_B,8.5,31.8,0.39,7.11,5.61,13.0674,80.2376
2025-10-04,Borewell_B,8.11,30.99,2.36,7.14,5.63,13.0674,80.2376
2025-10-05,Borewell_B,7.93,30.65,0.85,7.1,5.45,13.0674,80.2376
2025-10-06,Borewell_B,7.48,31.5,1.83,7.1,5.32,13.0674,80.2376
2025-10-07,Borewell_B,7.53,31.76,0.55,7.08,5.32,13.0674,80.2376
2025-10-08,Borewell_B,7.7,31.6,1.92,7.14,5.3,13.0674,80.2376
2025-10-09,Borewell_B,7.69,30.71,4.92,7.21,5.43,13.0674,80.2376
2025-10-10,Borewell_B,7.71,30.7,0.66,7.2,5.45,13.0674,80.2376
2025-10-11,Borewell_B,7.87,30.98,1.09,7.14,5.59,13.0674,80.2376
2025-10-12,Borewell_B,8.13,31.99,1.02,7.11,5.69,13.0674,80.2376
2025-10-13,Borewell_B,8.26,31.63,1.0,7.16,5.46,13.0674,80.2376
2025-10-14,Borewell_B,7.91,30.4,4.86,7.18,5.33,13.0674,80.2376
2025-10-15,Borewell_B,8.32,31.44,3.76,7.19,4.98,13.0674,80.2376
2025-10-16,Borewell_B,8.2,31.58,6.27,7.18,5.12,13.0674,80.2376
2025-10-17,Borewell_B,8.1,31.24,7.4,7.21,4.95,13.0674,80.2376
2025-10-18,Borewell_B,7.54,29.47,2.9,7.19,5.16,13.0674,80.2376
2025-10-19,Borewell_B,7.21,31.31,0.52,7.13,4.94,13.0674,80.2376
2025-10-20,Borewell_B,7.86,31.48,7.68,7.12,5.17,13.0674,80.2376
2025-10-21,Borewell_B,7.91,32.02,2.45,7.14,5.11,13.0674,80.2376
2025-10-22,Borewell_B,8.19,30.64,7.76,7.18,5.36,13.0674,80.2376
2025-10-23,Borewell_B,8.25,31.86,5.59,7.23,5.29,13.0674,80.2376
2025-10-24,Borewell_B,8.21,31.84,3.47,7.25,5.49,13.0674,80.2376
2025-10-25,Borewell_B,8.5,31.44,0.49,7.26,5.44,13.0674,80.2376
2025-10-26,Borewell_B,8.16,30.95,2.24,7.19,5.41,13.0674,80.2376
2025-10-27,Borewell_B,7.84,31.02,3.04,7.15,5.38,13.0674,80.2376
2025-10-28,Borewell_B,7.35,32.55,4.25,7.13,5.42,13.0674,80.2376
2025-10-29,Borewell_B,6.94,31.19,2.31,7.15,5.4,13.0674,80.2376
2025-10-30,Borewell_B,7.47,31.38,2.24,7.2,5.31,13.0674,80.2376
2025-10-31,Borewell_B,7.9,31.21,4.63,7.21,5.18,13.0674,80.2376
2025-11-01,Borewell_B,8.52,31.88,1.18,7.2,5.3,13.0674,80.2376
2025-11-02,Borewell_B,8.32,31.07,4.4,7.16,5.23,13.0674,80.2376
2025-11-03,Borewell_B,7.86,31.04,1.62,7.17,5.21,13.0674,80.2376
2025-11-04,Borewell_B,7.78,29.93,5.28,7.2,5.13,13.0674,80.2376
2025-11-05,Borewell_B,7.8,31.1,3.9,7.24,5.07,13.0674,80.2376
2025-11-06,Borewell_B,7.87,32.34,12.37,7.22,5.19,13.0674,80.2376
2025-11-07,Borewell_B,7.58,32.07,1.37,7.26,5.23,13.0674,80.2376
2025-11-08,Borewell_B,7.5,30.99,8.35,7.28,5.24,13.0674,80.2376
2025-11-09,Borewell_B,7.85,30.42,2.07,7.27,5.19,13.0674,80.2376
2025-11-10,Borewell_B,8.06,31.81,4.47,7.26,5.32,13.0674,80.2376
2025-11-11,Borewell_B,7.91,31.01,3.51,7.24,5.31,13.0674,80.2376
2025-11-12,Borewell_B,8.0,30.77,1.98,7.26,5.24,13.0674,80.2376
2025-11-13,Borewell_B,8.22,31.54,5.87,7.19,5.15,13.0674,80.2376
2025-11-14,Borewell_B,8.42,31.52,4.54,7.2,5.2,13.0674,80.2376
2025-11-15,Borewell_B,8.13,31.38,0.69,7.25,4.97,13.0674,80.2376
2025-11-16,Borewell_B,8.01,32.13,2.33,7.31,4.86,13.0674,80.2376
2025-11-17,Borewell_B,7.82,32.43,0.02,7.31,4.8,13.0674,80.2376
2025-11-18,Borewell_B,8.14,31.97,5.74,7.29,5.07,13.0674,80.2376
2025-11-19,Borewell_B,8.02,30.56,5.87,7.26,5.16,13.0674,80.2376
2025-11-20,Borewell_B,8.26,30.25,1.49,7.25,5.29,13.0674,80.2376
2025-11-21,Borewell_B,8.3,31.16,0.62,7.22,5.16,13.0674,80.2376
2025-11-22,Borewell_B,8.5,31.37,8.46,7.24,5.25,13.0674,80.2376
2025-11-23,Borewell_B,8.53,31.57,2.09,7.22,5.1,13.0674,80.2376
2025-11-24,Borewell_B,8.51,31.56,4.03,7.24,5.2,13.0674,80.2376
2025-11-25,Borewell_B,8.48,31.67,6.79,7.27,5.1,13.0674,80.2376
2025-11-26,Borewell_B,8.38,31.3,0.8,7.25,4.96,13.0674,80.2376
2025-11-27,Borewell_B,7.98,32.3,1.54,7.26,4.86,13.0674,80.2376
2025-11-28,Borewell_B,7.91,31.62,2.96,7.25,4.98,13.0674,80.2376
2025-11-29,Borewell_B,7.8,31.6,3.19,7.23,5.18,13.0674,80.2376
2025-11-30,Borewell_B,7.84,30.59,1.89,7.27,5.23,13.0674,80.2376
2025-08-31,Borewell_C,11.82,29.17,3.04,6.95,5.93,13.05,80.25
2025-09-01,Borewell_C,11.67,28.4,3.3,7.03,6.18,13.05,80.25
2025-09-02,Borewell_C,11.64,29.23,2.61,7.06,6.3,13.05,80.25
2025-09-03,Borewell_C,12.38,30.28,4.11,7.07,6.3,13.05,80.25
2025-09-04,Borewell_C,13.4,29.68,3.69,7.02,6.34,13.05,80.25
2025-09-05,Borewell_C,13.47,29.11,4.85,6.99,6.26,13.05,80.25
2025-09-06,Borewell_C,12.71,30.25,1.23,6.97,6.19,13.05,80.25
2025-09-07,Borewell_C,12.5,29.65,8.29,6.98,6.36,13.05,80.25
2025-09-08,Borewell_C,12.24,28.65,8.82,6.97,6.24,13.05,80.25
2025-09-09,Borewell_C,12.1,29.66,6.87,7.02,6.3,13.05,80.25
2025-09-10,Borewell_C,11.69,29.65,2.6,7.05,6.46,13.05,80.25
2025-09-11,Borewell_C,11.47,29.56,5.9,7.06,6.58,13.05,80.25
2025-09-12,Borewell_C,11.79,28.87,11.38,7.04,6.84,13.05,80.25
2025-09-13,Borewell_C,11.57,29.32,2.25,7.03,6.85,13.05,80.25
2025-09-14,Borewell_C,12.23,28.92,3.29,7.04,6.74,13.05,80.25
2025-09-15,Borewell_C,12.36,28.48,4.14,7.07,6.67,13.05,80.25
2025-09-16,Borewell_C,12.66,28.62,0.33,7.08,6.66,13.05,80.25
2025-09-17,Borewell_C,12.7,30.1,3.66,7.08,6.75,13.05,80.25
2025-09-18,Borewell_C,12.09,27.77,5.0,7.05,6.58,13.05,80.25
2025-09-19,Borewell_C,12.47,29.72,0.11,7.03,6.44,13.05,80.25
2025-09-20,Borewell_C,12.27,30.21,5.7,7.02,6.25,13.05,80.25
2025-09-21,Borewell_C,12.49,29.37,0.17,7.02,6.4,13.05,80.25
2025-09-22,Borewell_C,12.48,29.51,0.33,7.03,6.34,13.05,80.25
2025-09-23,Borewell_C,12.61,30.34,4.8,7.03,6.61,13.05,80.25
2025-09-24,Borewell_C,13.0,28.18,4.56,7.06,6.46,13.05,80.25
2025-09-25,Borewell_C,12.32,27.98,5.0,7.08,6.61,13.05,80.25
2025-09-26,Borewell_C,12.15,28.6,10.46,7.08,6.58,13.05,80.25
2025-09-27,Borewell_C,12.06,27.75,2.84,7.05,6.71,13.05,80.25
2025-09-28,Borewell_C,12.31,29.85,1.28,7.01,6.69,13.05,80.25
2025-09-29,Borewell_C,12.14,29.6,0.61,6.98,6.72,13.05,80.25
2025-09-30,Borewell_C,11.91,28.96,4.4,7.0,6.51,13.05,80.25
2025-10-01,Borewell_C,11.79,29.0,1.61,7.0,6.52,13.05,80.25
2025-10-02,Borewell_C,12.46,29.75,6.28,7.01,6.56,13.05,80.25
2025-10-03,Borewell_C,12.53,28.95,2.88,6.98,6.82,13.05,80.25
2025-10-04,Borewell_C,13.08,28.15,9.28,6.99,6.59,13.05,80.25
2025-10-05,Borewell_C,12.12,29.23,1.53,6.99,6.44,13.05,80.25
2025-10-06,Borewell_C,12.12,29.18,3.91,7.03,6.22,13.05,80.25
2025-10-07,Borewell_C,11.85,28.29,4.82,7.02,6.46,13.05,80.25
2025-10-08,Borewell_C,12.03,27.78,6.25,7.02,6.34,13.05,80.25
2025-10-09,Borewell_C,12.44,28.47,0.08,6.99,6.52,13.05,80.25
2025-10-10,Borewell_C,11.87,29.35,1.89,6.99,6.44,13.05,80.25
2025-10-11,Borewell_C,11.56,28.31,6.13,7.01,6.67,13.05,80.25
2025-10-12,Borewell_C,11.31,28.57,0.43,7.07,6.57,13.05,80.25
2025-10-13,Borewell_C,11.67,28.96,2.86,7.07,6.83,13.05,80.25
2025-10-14,Borewell_C,12.64,27.75,0.79,7.07,6.8,13.05,80.25
2025-10-15,Borewell_C,12.76,29.37,2.13,7.03,6.68,13.05,80.25
2025-10-16,Borewell_C,12.37,29.24,4.65,7.03,6.32,13.05,80.25
2025-10-17,Borewell_C,11.72,28.26,0.46,7.06,6.32,13.05,80.25
2025-10-18,Borewell_C,11.69,28.6,3.57,7.04,6.37,13.05,80.25
2025-10-19,Borewell_C,12.04,28.56,0.12,7.07,6.27,13.05,80.25
2025-10-20,Borewell_C,12.06,29.32,2.41,7.03,6.33,13.05,80.25
2025-10-21,Borewell_C,12.13,27.68,5.28,7.07,6.6,13.05,80.25
2025-10-22,Borewell_C,12.15,29.0,5.1,7.02,6.92,13.05,80.25
2025-10-23,Borewell_C,11.97,28.97,5.31,7.03,7.01,13.05,80.25
2025-10-24,Borewell_C,11.07,30.35,0.88,7.02,6.73,13.05,80.25
2025-10-25,Borewell_C,11.29,28.92,9.65,7.07,6.59,13.05,80.25
2025-10-26,Borewell_C,11.59,28.35,10.1,7.06,6.52,13.05,80.25
2025-10-27,Borewell_C,11.61,27.61,1.8,7.09,6.68,13.05,80.25
2025-10-28,Borewell_C,11.14,29.31,1.6,7.06,6.85,13.05,80.25
2025-10-29,Borewell_C,11.57,29.28,0.2,7.06,6.85,13.05,80.25
2025-10-30,Borewell_C,13.18,28.32,4.24,7.0,6.88,13.05,80.25
2025-10-31,Borewell_C,13.68,28.41,4.18,7.04,6.8,13.05,80.25
2025-11-01,Borewell_C,13.74,28.74,6.22,7.06,6.88,13.05,80.25
2025-11-02,Borewell_C,12.72,28.44,6.83,7.08,6.78,13.05,80.25
2025-11-03,Borewell_C,12.27,29.79,6.95,7.05,6.66,13.05,80.25
2025-11-04,Borewell_C,11.8,29.07,1.38,7.04,6.43,13.05,80.25
2025-11-05,Borewell_C,11.67,28.18,2.83,7.09,6.49,13.05,80.25
2025-11-06,Borewell_C,11.57,28.86,6.5,7.09,6.52,13.05,80.25
2025-11-07,Borewell_C,11.8,28.79,2.16,7.07,6.63,13.05,80.25
2025-11-08,Borewell_C,11.89,29.15,7.06,7.06,6.5,13.05,80.25
2025-11-09,Borewell_C,11.88,28.5,3.48,7.04,6.51,13.05,80.25
2025-11-10,Borewell_C,11.69,28.11,2.6,7.08,6.55,13.05,80.25
2025-11-11,Borewell_C,11.82,28.46,5.92,7.02,6.53,13.05,80.25
2025-11-12,Borewell_C,11.8,28.82,5.12,7.03,6.61,13.05,80.25
2025-11-13,Borewell_C,11.31,29.85,0.43,7.02,6.72,13.05,80.25
2025-11-14,Borewell_C,11.76,28.77,2.37,7.09,6.98,13.05,80.25
2025-11-15,Borewell_C,12.31,29.77,2.24,7.1,7.04,13.05,80.25
2025-11-16,Borewell_C,12.55,27.46,3.71,7.15,7.11,13.05,80.25
2025-11-17,Borewell_C,11.85,29.34,1.3,7.13,6.78,13.05,80.25
2025-11-18,Borewell_C,12.24,28.54,3.22,7.12,6.81,13.05,80.25
2025-11-19,Borewell_C,12.39,28.88,2.35,7.07,6.68,13.05,80.25
2025-11-20,Borewell_C,13.02,27.63,0.86,7.05,6.92,13.05,80.25
2025-11-21,Borewell_C,12.37,27.9,4.82,7.02,6.95,13.05,80.25
2025-11-22,Borewell_C,12.94,28.87,5.74,6.99,6.8,13.05,80.25
2025-11-23,Borewell_C,12.31,28.67,5.36,7.03,6.86,13.05,80.25
2025-11-24,Borewell_C,12.54,28.73,3.33,7.06,6.52,13.05,80.25
2025-11-25,Borewell_C,12.45,28.14,1.25,7.08,6.66,13.05,80.25
2025-11-26,Borewell_C,12.64,28.17,4.72,7.03,6.48,13.05,80.25
2025-11-27,Borewell_C,12.58,28.75,0.47,7.07,6.67,13.05,80.25
2025-11-28,Borewell_C,12.37,28.4,2.96,7.09,6.74,13.05,80.25
2025-11-29,Borewell_C,12.73,28.18,9.46,7.11,6.69,13.05,80.25
2025-11-30,Borewell_C,12.99,27.97,1.24,7.12,6.68,13.05,80.25
2025-08-31,Borewell_D,7.73,30.52,5.1,6.63,4.46,13.1,80.22
2025-09-01,Borewell_D,7.11,32.1,3.6,6.48,3.86,13.1,80.22
2025-09-02,Borewell_D,6.87,31.3,6.85,6.5,4.0,13.1,80.22
2025-09-03,Borewell_D,6.73,31.33,3.16,6.5,4.0,13.1,80.22
2025-09-04,Borewell_D,7.05,30.96,0.87,6.51,4.0,13.1,80.22
2025-09-05,Borewell_D,7.75,31.03,9.82,6.51,4.0,13.1,80.22
2025-09-06,Borewell_D,7.8,31.33,2.71,6.51,4.0,13.1,80.22
2025-09-07,Borewell_D,8.03,31.76,6.8,6.5,4.0,13.1,80.22
2025-09-08,Borewell_D,7.85,31.68,2.61,6.52,4.0,13.1,80.22
2025-09-09,Borewell_D,8.02,30.18,9.41,6.52,4.0,13.1,80.22
2025-09-10,Borewell_D,7.66,30.34,9.14,6.52,4.0,13.1,80.22
2025-09-11,Borewell_D,7.33,30.56,10.23,6.5,4.0,13.1,80.22
2025-09-12,Borewell_D,7.56,30.18,3.3,6.5,4.0,13.1,80.22
2025-09-13,Borewell_D,7.99,29.98,12.23,6.5,4.0,13.1,80.22
2025-09-14,Borewell_D,8.14,31.05,8.25,6.5,4.0,13.1,80.22
2025-09-15,Borewell_D,8.1,30.68,0.69,6.5,4.0,13.1,80.22
2025-09-16,Borewell_D,7.68,30.88,8.08,6.5,4.0,13.1,80.22
2025-09-17,Borewell_D,7.44,31.43,2.66,6.5,4.0,13.1,80.22
2025-09-18,Borewell_D,7.24,30.69,5.17,6.5,4.0,13.1,80.22
2025-09-19,Borewell_D,7.4,30.94,2.69,6.5,4.0,13.1,80.22
2025-09-20,Borewell_D,7.44,30.48,0.99,6.5,4.0,13.1,80.22
2025-09-21,Borewell_D,7.49,31.75,0.24,6.5,4.0,13.1,80.22
2025-09-22,Borewell_D,7.31,30.78,1.83,6.5,4.0,13.1,80.22
2025-09-23,Borewell_D,7.36,31.38,7.0,6.5,4.0,13.1,80.22
2025-09-24,Borewell_D,7.13,32.03,4.02,6.5,4.0,13.1,80.22
2025-09-25,Borewell_D,7.38,32.26,10.32,6.5,4.0,13.1,80.22
2025-09-26,Borewell_D,7.2,30.36,0.03,6.5,4.0,13.1,80.22
2025-09-27,Borewell_D,7.24,30.43,6.93,6.5,4.0,13.1,80.22
2025-09-28,Borewell_D,7.0,30.54,4.21,6.5,4.0,13.1,80.22
2025-09-29,Borewell_D,7.41,29.64,0.55,6.5,4.0,13.1,80.22
2025-09-30,Borewell_D,7.63,30.94,0.62,6.5,4.0,13.1,80.22
2025-10-01,Borewell_D,7.55,30.73,4.36,6.5,4.0,13.1,80.22
2025-10-02,Borewell_D,8.05,30.5,0.72,6.5,4.0,13.1,80.22
2025-10-03,Borewell_D,7.96,30.86,5.04,6.5,4.0,13.1,80.22
2025-10-04,Borewell_D,8.16,30.93,1.6,6.5,4.0,13.1,80.22
2025-10-05,Borewell_D,7.28,30.8,2.71,6.5,4.0,13.1,80.22
2025-10-06,Borewell_D,7.27,30.3,15.87,6.5,4.0,13.1,80.22
2025-10-07,Borewell_D,7.32,30.69,2.23,6.5,4.0,13.1,80.22
2025-10-08,Borewell_D,7.35,30.87,2.76,6.5,4.0,13.1,80.22
2025-10-09,Borewell_D,6.97,31.1,2.67,6.52,4.0,13.1,80.22
2025-10-10,Borewell_D,6.82,31.18,1.38,6.53,4.0,13.1,80.22
2025-10-11,Borewell_D,7.0,30.72,4.29,6.56,4.0,13.1,80.22
2025-10-12,Borewell_D,7.03,31.19,6.11,6.54,4.0,13.1,80.22
2025-10-13,Borewell_D,6.85,31.1,2.52,6.53,4.0,13.1,80.22
2025-10-14,Borewell_D,7.12,30.84,3.57,6.51,4.0,13.1,80.22
2025-10-15,Borewell_D,7.22,31.73,2.16,6.54,4.0,13.1,80.22
2025-10-16,Borewell_D,7.27,30.94,7.93,6.54,4.0,13.1,80.22
2025-10-17,Borewell_D,7.27,31.09,3.51,6.52,4.0,13.1,80.22
2025-10-18,Borewell_D,7.38,31.61,3.44,6.53,4.0,13.1,80.22
2025-10-19,Borewell_D,7.24,31.53,1.91,6.53,4.0,13.1,80.22
2025-10-20,Borewell_D,7.05,30.18,4.64,6.55,4.0,13.1,80.22
2025-10-21,Borewell_D,7.08,31.99,0.52,6.52,4.0,13.1,80.22
2025-10-22,Borewell_D,7.36,31.35,2.97,6.56,4.0,13.1,80.22
2025-10-23,Borewell_D,6.98,30.96,1.12,6.57,4.0,13.1,80.22
2025-10-24,Borewell_D,6.99,30.86,0.39,6.56,4.0,13.1,80.22
2025-10-25,Borewell_D,6.76,30.74,2.87,6.55,4.0,13.1,80.22
2025-10-26,Borewell_D,6.45,30.31,0.64,6.56,4.0,13.1,80.22
2025-10-27,Borewell_D,6.4,31.59,1.73,6.61,4.0,13.1,80.22
2025-10-28,Borewell_D,6.39,31.27,3.45,6.61,4.0,13.1,80.22
2025-10-29,Borewell_D,7.25,30.45,2.29,6.6,4.0,13.1,80.22
2025-10-30,Borewell_D,7.51,31.67,3.7,6.58,4.0,13.1,80.22
2025-10-31,Borewell_D,7.69,31.72,3.0,6.59,4.0,13.1,80.22
2025-11-01,Borewell_D,7.5,29.27,0.17,6.57,4.0,13.1,80.22
2025-11-02,Borewell_D,7.21,31.6,1.39,6.57,4.0,13.1,80.22
2025-11-03,Borewell_D,7.23,30.59,4.05,6.54,4.0,13.1,80.22
2025-11-04,Borewell_D,7.32,30.95,1.35,6.56,4.02,13.1,80.22
2025-11-05,Borewell_D,7.68,31.21,2.76,6.54,4.02,13.1,80.22
2025-11-06,Borewell_D,7.61,30.52,4.49,6.57,4.02,13.1,80.22
2025-11-07,Borewell_D,7.48,30.69,11.6,6.55,4.0,13.1,80.22
2025-11-08,Borewell_D,6.98,32.02,1.99,6.57,4.0,13.1,80.22
2025-11-09,Borewell_D,6.88,31.1,1.85,6.54,4.0,13.1,80.22
2025-11-10,Borewell_D,6.47,31.58,7.81,6.53,4.0,13.1,80.22
2025-11-11,Borewell_D,6.36,30.1,4.91,6.53,4.0,13.1,80.22
2025-11-12,Borewell_D,6.17,30.98,4.17,6.52,4.0,13.1,80.22
2025-11-13,Borewell_D,6.55,31.42,2.89,6.52,4.0,13.1,80.22
2025-11-14,Borewell_D,7.24,31.08,0.56,6.52,4.0,13.1,80.22
2025-11-15,Borewell_D,7.56,30.65,4.32,6.56,4.0,13.1,80.22
2025-11-16,Borewell_D,7.69,31.01,10.17,6.56,4.0,13.1,80.22
2025-11-17,Borewell_D,7.15,31.59,9.41,6.54,4.0,13.1,80.22
2025-11-18,Borewell_D,7.23,30.9,3.49,6.53,4.0,13.1,80.22
2025-11-19,Borewell_D,6.83,32.07,7.85,6.53,4.0,13.1,80.22
2025-11-20,Borewell_D,6.86,31.16,2.09,6.58,4.0,13.1,80.22
2025-11-21,Borewell_D,7.02,30.68,0.72,6.55,4.0,13.1,80.22
2025-11-22,Borewell_D,6.99,30.73,0.61,6.62,4.0,13.1,80.22
2025-11-23,Borewell_D,6.97,31.96,13.61,6.59,4.0,13.1,80.22
2025-11-24,Borewell_D,6.45,31.43,7.9,6.62,4.0,13.1,80.22
2025-11-25,Borewell_D,6.57,30.9,7.19,6.59,4.0,13.1,80.22
2025-11-26,Borewell_D,6.67,30.93,7.38,6.6,4.0,13.1,80.22
2025-11-27,Borewell_D,6.82,31.59,2.89,6.59,4.0,13.1,80.22
2025-11-28,Borewell_D,6.68,31.75,3.6,6.55,4.0,13.1,80.22
2025-11-29,Borewell_D,6.8,32.12,7.01,6.52,4.0,13.1,80.22
2025-11-30,Borewell_D,6.96,31.06,2.14,6.53,4.0,13.1,80.22
